latitude,longitude,spring_count
-45.75,170.25,1
-45.75,170.75,1
-44.75,169.25,2
-43.25,146.75,1
-43.25,172.25,1
-42.75,147.25,2
-42.75,172.25,1
-41.25,174.75,3
-40.75,172.75,1
-39.75,175.25,1
-39.25,174.25,1
-38.75,-72.25,1
-38.25,142.25,1
-38.25,144.25,1
-38.25,144.75,2
-38.25,175.75,1
-38.25,176.25,1
-37.75,144.25,2
-37.75,145.25,1
-37.75,145.75,2
-37.75,175.75,2
-37.75,177.25,1
-37.25,144.25,6
-37.25,175.25,1
-36.75,146.75,1
-35.75,148.25,1
-35.25,117.75,1
-34.25,21.25,1
-34.25,115.25,1
-34.25,147.25,1
-33.75,18.25,4
-33.75,19.25,1
-33.75,114.75,1
-33.75,150.25,3
-33.75,151.25,1
-33.25,138.25,1
-32.75,19.25,1
-31.75,115.75,1
-31.25,152.25,1
-30.25,139.25,1
-30.25,148.75,2
-29.25,147.75,1
-29.25,149.75,2
-28.75,149.75,1
-28.25,145.75,1
-26.25,27.75,1
-26.25,135.75,1
-26.25,147.75,1
-26.25,152.75,1
-24.25,-47.25,1
-24.25,145.25,1
-23.75,30.25,1
-23.75,133.25,1
-23.25,-46.75,1
-23.25,144.75,1
-22.75,-46.75,3
-22.75,-44.25,1
-22.75,-43.25,1
-22.25,166.75,1
-17.75,139.75,1
-15.75,-48.75,1
-15.75,128.75,1
-14.25,-39.25,1
-13.25,-72.75,1
-11.25,-73.75,1
-8.25,115.25,1
-7.25,112.75,1
-5.75,-56.75,1
-5.75,-54.75,2
-4.25,-78.75,1
-3.25,23.75,1
0.25,0.25,7
1.25,1.25,1
5.25,95.25,1
5.25,100.25,1
7.25,47.25,1
8.75,-70.75,1
9.75,123.25,1
10.25,-84.25,2
10.25,-64.25,1
13.25,-59.75,4
13.25,-59.25,1
14.25,-90.25,1
15.25,-91.75,1
17.75,-66.75,1
18.25,-99.75,1
18.25,-78.25,1
18.25,-67.25,1
18.25,-66.75,1
18.25,-66.25,5
18.75,-98.25,1
18.75,73.75,1
18.75,76.25,2
19.25,-155.75,11
19.25,-155.25,1
19.25,-154.75,2
19.25,-100.25,1
19.75,-155.75,11
19.75,-155.25,13
20.25,-155.75,7
20.75,-156.75,8
20.75,-156.25,24
20.75,-103.25,1
20.75,-98.75,1
21.25,-158.25,1
21.25,-157.75,25
21.25,-157.25,1
21.25,-156.75,11
21.25,-105.25,1
21.25,39.75,2
21.75,-160.25,1
21.75,-159.75,12
21.75,-159.25,3
21.75,-158.25,6
21.75,-157.75,5
22.25,-159.75,9
22.25,-159.25,5
24.75,80.25,1
25.25,-100.25,1
25.25,102.75,1
25.25,121.75,2
25.75,-82.25,1
26.25,-82.25,1
26.75,-99.25,1
26.75,-82.25,1
27.25,-98.75,1
27.25,-97.25,2
27.25,-82.75,2
27.25,-82.25,5
27.75,-109.75,1
27.75,-99.75,1
27.75,-99.25,2
27.75,-98.75,2
27.75,-98.25,1
27.75,-97.75,2
27.75,-82.75,1
27.75,-82.25,16
27.75,-81.75,2
28.25,-100.25,4
28.25,-99.75,1
28.25,-99.25,1
28.25,-98.75,1
28.25,-97.25,1
28.25,-82.75,26
28.25,-82.25,33
28.25,-81.25,2
28.75,-102.75,13
28.75,-99.75,1
28.75,-97.75,2
28.75,-97.25,2
28.75,-96.75,6
28.75,-96.25,1
28.75,-82.75,113
28.75,-82.25,27
28.75,-81.75,23
28.75,-81.25,50
29.25,-104.25,34
29.25,-103.75,79
29.25,-103.25,82
29.25,-102.75,26
29.25,-101.25,2
29.25,-100.75,12
29.25,-100.25,12
29.25,-99.75,13
29.25,-99.25,6
29.25,-98.75,11
29.25,-98.25,16
29.25,-97.75,5
29.25,-97.25,1
29.25,-95.75,1
29.25,-95.25,1
29.25,-82.75,11
29.25,-82.25,55
29.25,-81.75,24
29.25,-81.25,4
29.25,83.25,1
29.75,-110.25,2
29.75,-109.75,6
29.75,-109.25,1
29.75,-104.75,36
29.75,-104.25,136
29.75,-103.75,32
29.75,-103.25,12
29.75,-102.75,10
29.75,-102.25,11
29.75,-101.75,4
29.75,-101.25,18
29.75,-100.75,30
29.75,-100.25,130
29.75,-99.75,174
29.75,-99.25,148
29.75,-98.75,138
29.75,-98.25,82
29.75,-97.75,33
29.75,-97.25,3
29.75,-96.75,6
29.75,-96.25,1
29.75,-95.25,1
29.75,-94.75,1
29.75,-94.25,1
29.75,-84.25,2
29.75,-83.75,16
29.75,-83.25,17
29.75,-82.75,126
29.75,-82.25,4
29.75,-81.75,25
29.75,-81.25,2
29.75,-80.75,1
30.25,-109.75,38
30.25,-109.25,1
30.25,-104.75,94
30.25,-104.25,17
30.25,-103.75,97
30.25,-103.25,20
30.25,-102.75,2
30.25,-102.25,1
30.25,-101.75,17
30.25,-101.25,10
30.25,-100.75,4
30.25,-100.25,12
30.25,-99.75,65
30.25,-99.25,130
30.25,-98.75,94
30.25,-98.25,109
30.25,-97.75,87
30.25,-97.25,14
30.25,-96.75,10
30.25,-96.25,9
30.25,-95.75,4
30.25,-95.25,2
30.25,-94.75,7
30.25,-94.25,2
30.25,-93.75,1
30.25,-90.75,1
30.25,-90.25,4
30.25,-89.75,2
30.25,-87.25,1
30.25,-86.25,1
30.25,-85.75,36
30.25,-85.25,3
30.25,-84.75,1
30.25,-84.25,92
30.25,-83.75,37
30.25,-83.25,157
30.25,-82.75,24
30.25,-82.25,1
30.25,-81.75,7
30.75,-115.75,1
30.75,-110.75,2
30.75,-109.75,29
30.75,-109.25,39
30.75,-108.75,2
30.75,-105.25,21
30.75,-104.75,21
30.75,-104.25,35
30.75,-103.75,90
30.75,-103.25,1
30.75,-102.75,11
30.75,-102.25,3
30.75,-101.75,3
30.75,-100.75,1
30.75,-100.25,18
30.75,-99.75,57
30.75,-99.25,60
30.75,-98.75,33
30.75,-98.25,44
30.75,-97.75,80
30.75,-97.25,14
30.75,-96.75,38
30.75,-96.25,15
30.75,-95.75,2
30.75,-95.25,16
30.75,-94.75,5
30.75,-94.25,3
30.75,-93.75,2
30.75,-92.25,38
30.75,-90.75,2
30.75,-90.25,1
30.75,-88.75,1
30.75,-87.25,2
30.75,-86.75,6
30.75,-86.25,9
30.75,-85.75,96
30.75,-85.25,81
30.75,-84.75,15
30.75,-83.25,5
30.75,-81.75,1
31.25,-111.25,70
31.25,-110.75,76
31.25,-110.25,142
31.25,-109.75,5
31.25,-109.25,33
31.25,-108.75,7
31.25,-108.25,8
31.25,-105.75,2
31.25,-104.75,12
31.25,-104.25,24
31.25,-103.75,17
31.25,-103.25,2
31.25,-102.75,11
31.25,-102.25,2
31.25,-100.75,11
31.25,-100.25,10
31.25,-99.75,2
31.25,-99.25,33
31.25,-98.75,65
31.25,-98.25,60
31.25,-97.75,2
31.25,-97.25,10
31.25,-96.75,6
31.25,-96.25,16
31.25,-95.75,9
31.25,-95.25,3
31.25,-94.75,8
31.25,-94.25,10
31.25,-93.75,9
31.25,-93.25,4
31.25,-91.25,2
31.25,-89.75,2
31.25,-89.25,4
31.25,-88.75,2
31.25,-88.25,3
31.25,-87.75,1
31.25,-86.75,1
31.25,-85.25,4
31.25,-84.75,1
31.75,-113.25,6
31.75,-112.75,1
31.75,-111.75,46
31.75,-111.25,59
31.75,-110.75,285
31.75,-110.25,122
31.75,-109.75,32
31.75,-109.25,105
31.75,-108.75,13
31.75,-108.25,5
31.75,-107.75,1
31.75,-106.75,1
31.75,-106.25,2
31.75,-105.75,1
31.75,-105.25,3
31.75,-104.75,23
31.75,-104.25,23
31.75,-103.75,2
31.75,-103.25,1
31.75,-102.75,2
31.75,-102.25,1
31.75,-101.75,1
31.75,-101.25,3
31.75,-100.75,26
31.75,-100.25,22
31.75,-99.75,19
31.75,-99.25,12
31.75,-98.75,43
31.75,-98.25,1
31.75,-97.75,4
31.75,-97.25,7
31.75,-96.75,5
31.75,-96.25,33
31.75,-95.75,11
31.75,-95.25,12
31.75,-94.75,14
31.75,-94.25,7
31.75,-93.75,2
31.75,-92.25,3
31.75,-91.75,3
31.75,-89.75,6
31.75,-89.25,5
31.75,-88.75,8
31.75,-88.25,3
31.75,-87.75,2
31.75,-85.75,1
32.25,-115.75,1
32.25,-114.25,1
32.25,-113.75,1
32.25,-113.25,1
32.25,-112.75,4
32.25,-112.25,1
32.25,-111.75,7
32.25,-111.25,10
32.25,-110.75,311
32.25,-110.25,197
32.25,-109.75,96
32.25,-109.25,66
32.25,-108.75,14
32.25,-108.25,1
32.25,-107.75,10
32.25,-107.25,2
32.25,-106.75,29
32.25,-106.25,4
32.25,-105.75,2
32.25,-104.75,52
32.25,-104.25,37
32.25,-103.75,14
32.25,-103.25,1
32.25,-102.75,1
32.25,-101.75,4
32.25,-101.25,21
32.25,-100.75,8
32.25,-100.25,66
32.25,-99.75,10
32.25,-99.25,10
32.25,-98.75,9
32.25,-98.25,4
32.25,-97.75,9
32.25,-97.25,2
32.25,-96.75,1
32.25,-96.25,6
32.25,-95.75,26
32.25,-95.25,10
32.25,-94.75,4
32.25,-94.25,4
32.25,-89.75,2
32.25,-88.75,2
32.25,-88.25,1
32.25,-87.25,2
32.25,-86.75,1
32.25,-86.25,2
32.25,-84.75,1
32.25,-81.25,1
32.25,75.75,2
32.75,-117.25,1
32.75,-116.75,121
32.75,-116.25,126
32.75,-115.25,2
32.75,-114.75,1
32.75,-114.25,2
32.75,-112.25,4
32.75,-111.25,8
32.75,-110.75,100
32.75,-110.25,281
32.75,-109.75,145
32.75,-109.25,80
32.75,-108.75,112
32.75,-108.25,174
32.75,-107.75,151
32.75,-107.25,12
32.75,-106.75,49
32.75,-106.25,17
32.75,-105.75,304
32.75,-105.25,16
32.75,-104.25,18
32.75,-103.75,3
32.75,-103.25,1
32.75,-102.25,3
32.75,-101.75,4
32.75,-101.25,6
32.75,-100.75,13
32.75,-100.25,4
32.75,-99.75,5
32.75,-99.25,2
32.75,-98.75,6
32.75,-98.25,3
32.75,-97.75,23
32.75,-97.25,4
32.75,-96.75,5
32.75,-96.25,2
32.75,-95.75,3
32.75,-95.25,20
32.75,-94.75,6
32.75,-94.25,2
32.75,-92.25,1
32.75,-91.75,2
32.75,-88.75,1
32.75,-86.75,1
32.75,-86.25,1
32.75,-85.75,2
32.75,-85.25,3
32.75,-84.75,8
32.75,-79.75,1
32.75,34.75,2
33.25,-118.25,1
33.25,-117.75,1
33.25,-117.25,26
33.25,-116.75,215
33.25,-116.25,44
33.25,-115.75,37
33.25,-115.25,11
33.25,-114.75,4
33.25,-114.25,8
33.25,-113.75,4
33.25,-113.25,4
33.25,-112.75,3
33.25,-111.75,2
33.25,-111.25,184
33.25,-110.75,249
33.25,-110.25,119
33.25,-109.75,162
33.25,-109.25,499
33.25,-108.75,180
33.25,-108.25,129
33.25,-107.75,151
33.25,-107.25,33
33.25,-106.75,70
33.25,-106.25,54
33.25,-105.75,251
33.25,-105.25,20
33.25,-104.75,1
33.25,-104.25,6
33.25,-103.75,3
33.25,-102.25,3
33.25,-101.25,1
33.25,-100.75,1
33.25,-100.25,12
33.25,-99.75,16
33.25,-99.25,2
33.25,-98.75,4
33.25,-98.25,12
33.25,-97.75,2
33.25,-97.25,1
33.25,-96.75,1
33.25,-95.75,1
33.25,-95.25,13
33.25,-94.75,6
33.25,-94.25,9
33.25,-93.75,1
33.25,-93.25,1
33.25,-92.75,1
33.25,-92.25,1
33.25,-91.75,4
33.25,-91.25,4
33.25,-90.25,1
33.25,-89.25,3
33.25,-88.75,5
33.25,-88.25,1
33.25,-87.25,3
33.25,-86.75,5
33.25,-86.25,2
33.25,-85.75,1
33.25,-85.25,1
33.25,-83.75,1
33.25,-82.25,2
33.25,-81.75,1
33.25,-81.25,4
33.75,-118.25,1
33.75,-117.75,59
33.75,-117.25,65
33.75,-116.75,150
33.75,-116.25,53
33.75,-115.75,40
33.75,-115.25,3
33.75,-114.75,2
33.75,-114.25,7
33.75,-113.75,3
33.75,-113.25,18
33.75,-112.75,4
33.75,-112.25,57
33.75,-111.75,146
33.75,-111.25,251
33.75,-110.75,280
33.75,-110.25,133
33.75,-109.75,93
33.75,-109.25,703
33.75,-108.75,193
33.75,-108.25,45
33.75,-107.75,28
33.75,-107.25,94
33.75,-106.75,4
33.75,-106.25,29
33.75,-105.75,104
33.75,-105.25,45
33.75,-104.75,1
33.75,-104.25,20
33.75,-103.75,2
33.75,-102.75,1
33.75,-101.75,7
33.75,-101.25,5
33.75,-100.75,53
33.75,-100.25,12
33.75,-99.75,37
33.75,-99.25,4
33.75,-98.25,6
33.75,-97.75,11
33.75,-97.25,6
33.75,-96.75,2
33.75,-96.25,1
33.75,-95.25,3
33.75,-94.75,5
33.75,-94.25,3
33.75,-93.75,2
33.75,-93.25,1
33.75,-92.75,6
33.75,-92.25,3
33.75,-91.75,3
33.75,-91.25,8
33.75,-88.25,3
33.75,-87.75,2
33.75,-87.25,1
33.75,-86.75,8
33.75,-86.25,13
33.75,-85.75,8
33.75,-85.25,1
33.75,-84.25,1
33.75,-83.75,1
33.75,-81.75,1
33.75,-80.75,4
33.75,72.75,1
34.25,-120.25,15
34.25,-119.75,25
34.25,-119.25,41
34.25,-118.75,32
34.25,-118.25,58
34.25,-117.75,139
34.25,-117.25,130
34.25,-116.75,234
34.25,-116.25,39
34.25,-115.75,1
34.25,-115.25,5
34.25,-114.75,17
34.25,-114.25,23
34.25,-113.75,14
34.25,-113.25,61
34.25,-112.75,146
34.25,-112.25,347
34.25,-111.75,333
34.25,-111.25,350
34.25,-110.75,158
34.25,-110.25,79
34.25,-109.75,233
34.25,-109.25,104
34.25,-108.75,86
34.25,-108.25,97
34.25,-107.75,32
34.25,-107.25,93
34.25,-106.75,22
34.25,-106.25,19
34.25,-105.75,8
34.25,-105.25,2
34.25,-104.75,4
34.25,-104.25,41
34.25,-103.75,3
34.25,-103.25,1
34.25,-102.75,1
34.25,-101.25,70
34.25,-100.75,22
34.25,-100.25,7
34.25,-99.75,14
34.25,-99.25,17
34.25,-98.75,8
34.25,-98.25,7
34.25,-96.75,17
34.25,-96.25,13
34.25,-95.75,1
34.25,-95.25,8
34.25,-94.75,1
34.25,-94.25,12
34.25,-93.75,13
34.25,-93.25,2
34.25,-92.75,2
34.25,-91.75,6
34.25,-91.25,1
34.25,-90.25,1
34.25,-89.75,1
34.25,-88.25,5
34.25,-87.75,2
34.25,-87.25,12
34.25,-86.75,40
34.25,-86.25,23
34.25,-85.75,20
34.25,-85.25,4
34.25,-84.75,1
34.25,-84.25,1
34.25,-80.75,4
34.25,-80.25,3
34.25,-79.75,1
34.25,-78.25,1
34.75,-120.75,37
34.75,-120.25,131
34.75,-119.75,139
34.75,-119.25,206
34.75,-118.75,328
34.75,-118.25,81
34.75,-117.75,2
34.75,-117.25,18
34.75,-116.75,20
34.75,-116.25,3
34.75,-115.75,44
34.75,-115.25,39
34.75,-114.75,23
34.75,-114.25,20
34.75,-113.75,74
34.75,-113.25,129
34.75,-112.75,254
34.75,-112.25,201
34.75,-111.75,135
34.75,-111.25,94
34.75,-110.75,6
34.75,-110.25,7
34.75,-109.75,10
34.75,-109.25,20
34.75,-108.75,27
34.75,-108.25,2
34.75,-107.75,29
34.75,-107.25,50
34.75,-106.75,11
34.75,-106.25,116
34.75,-105.75,1
34.75,-105.25,1
34.75,-104.75,32
34.75,-104.25,26
34.75,-103.75,13
34.75,-103.25,1
34.75,-102.25,2
34.75,-101.75,3
34.75,-101.25,33
34.75,-100.75,59
34.75,-100.25,27
34.75,-99.75,2
34.75,-98.75,15
34.75,-97.75,1
34.75,-96.75,11
34.75,-96.25,2
34.75,-95.75,2
34.75,-95.25,5
34.75,-94.75,1
34.75,-94.25,2
34.75,-93.75,2
34.75,-93.25,5
34.75,-92.75,2
34.75,-92.25,5
34.75,-91.75,1
34.75,-90.75,1
34.75,-89.25,1
34.75,-88.75,3
34.75,-88.25,25
34.75,-87.75,51
34.75,-87.25,51
34.75,-86.75,65
34.75,-86.25,116
34.75,-85.75,75
34.75,-85.25,13
34.75,-84.75,1
34.75,-84.25,2
34.75,-83.25,3
34.75,-82.25,1
34.75,-79.75,3
34.75,135.75,4
35.25,-121.25,1
35.25,-120.75,240
35.25,-120.25,157
35.25,-119.75,58
35.25,-119.25,1
35.25,-118.75,224
35.25,-118.25,220
35.25,-117.75,22
35.25,-117.25,24
35.25,-116.75,24
35.25,-116.25,11
35.25,-115.75,30
35.25,-115.25,89
35.25,-114.75,49
35.25,-114.25,154
35.25,-113.75,156
35.25,-113.25,42
35.25,-112.75,4
35.25,-112.25,63
35.25,-111.75,144
35.25,-111.25,22
35.25,-110.75,9
35.25,-110.25,71
35.25,-109.75,10
35.25,-109.25,44
35.25,-108.75,35
35.25,-108.25,82
35.25,-107.75,94
35.25,-107.25,54
35.25,-106.75,5
35.25,-106.25,70
35.25,-105.75,26
35.25,-105.25,52
35.25,-104.75,20
35.25,-104.25,1
35.25,-103.75,29
35.25,-103.25,28
35.25,-102.75,21
35.25,-102.25,9
35.25,-101.75,27
35.25,-100.75,36
35.25,-100.25,92
35.25,-98.75,7
35.25,-97.25,2
35.25,-94.75,1
35.25,-93.75,11
35.25,-93.25,5
35.25,-92.25,4
35.25,-88.75,9
35.25,-88.25,52
35.25,-87.75,52
35.25,-87.25,66
35.25,-86.75,131
35.25,-86.25,126
35.25,-85.75,92
35.25,-85.25,67
35.25,-84.75,98
35.25,-84.25,15
35.25,-83.75,4
35.25,-83.25,3
35.25,-82.75,3
35.25,-82.25,1
35.25,-81.75,4
35.25,-81.25,1
35.25,-80.75,2
35.25,-80.25,4
35.25,24.25,1
35.25,24.75,2
35.25,128.75,1
35.25,139.25,1
35.25,139.75,1
35.75,-121.25,176
35.75,-120.75,13
35.75,-120.25,221
35.75,-119.75,4
35.75,-118.75,272
35.75,-118.25,312
35.75,-117.75,64
35.75,-117.25,142
35.75,-116.75,22
35.75,-116.25,79
35.75,-115.75,38
35.75,-115.25,43
35.75,-114.75,73
35.75,-114.25,54
35.75,-113.75,113
35.75,-113.25,85
35.75,-112.75,9
35.75,-112.25,1
35.75,-111.75,2
35.75,-111.25,21
35.75,-110.75,81
35.75,-110.25,127
35.75,-109.75,29
35.75,-109.25,67
35.75,-108.75,60
35.75,-108.25,16
35.75,-107.75,24
35.75,-107.25,63
35.75,-106.75,187
35.75,-106.25,75
35.75,-105.75,41
35.75,-105.25,29
35.75,-104.75,21
35.75,-104.25,24
35.75,-103.75,23
35.75,-103.25,36
35.75,-102.75,15
35.75,-102.25,8
35.75,-101.75,25
35.75,-101.25,52
35.75,-100.75,25
35.75,-100.25,30
35.75,-99.75,3
35.75,-98.25,2
35.75,-96.75,1
35.75,-95.75,1
35.75,-95.25,14
35.75,-94.75,5
35.75,-94.25,21
35.75,-93.75,19
35.75,-93.25,8
35.75,-92.75,43
35.75,-92.25,32
35.75,-91.75,46
35.75,-91.25,3
35.75,-90.75,3
35.75,-88.75,1
35.75,-88.25,35
35.75,-87.75,71
35.75,-87.25,97
35.75,-86.75,69
35.75,-86.25,30
35.75,-85.75,29
35.75,-85.25,15
35.75,-84.75,103
35.75,-84.25,128
35.75,-83.75,66
35.75,-83.25,13
35.75,-82.75,4
35.75,-82.25,7
35.75,-81.25,3
35.75,-79.25,1
35.75,-78.75,1
35.75,45.25,1
35.75,139.25,1
36.25,-121.75,27
36.25,-121.25,64
36.25,-120.75,224
36.25,-120.25,72
36.25,-119.25,7
36.25,-118.75,87
36.25,-118.25,553
36.25,-117.75,130
36.25,-117.25,157
36.25,-116.75,78
36.25,-116.25,170
36.25,-115.75,265
36.25,-115.25,79
36.25,-114.75,21
36.25,-114.25,103
36.25,-113.75,104
36.25,-113.25,83
36.25,-112.75,226
36.25,-112.25,392
36.25,-111.75,124
36.25,-111.25,137
36.25,-110.75,67
36.25,-110.25,55
36.25,-109.75,49
36.25,-109.25,119
36.25,-108.75,54
36.25,-108.25,5
36.25,-107.75,30
36.25,-107.25,24
36.25,-106.75,130
36.25,-106.25,72
36.25,-105.75,104
36.25,-105.25,94
36.25,-104.75,65
36.25,-104.25,60
36.25,-103.75,48
36.25,-103.25,64
36.25,-102.75,6
36.25,-101.75,2
36.25,-101.25,2
36.25,-100.75,2
36.25,-100.25,4
36.25,-99.75,1
36.25,-97.75,4
36.25,-96.25,1
36.25,-95.75,1
36.25,-95.25,5
36.25,-94.75,17
36.25,-94.25,88
36.25,-93.75,26
36.25,-93.25,36
36.25,-92.75,31
36.25,-92.25,26
36.25,-91.75,44
36.25,-91.25,20
36.25,-90.75,6
36.25,-90.25,117
36.25,-88.25,2
36.25,-87.75,53
36.25,-87.25,15
36.25,-86.75,3
36.25,-86.25,1
36.25,-85.75,4
36.25,-85.25,4
36.25,-84.75,3
36.25,-84.25,77
36.25,-83.75,135
36.25,-83.25,64
36.25,-82.75,63
36.25,-82.25,14
36.25,-81.75,1
36.25,-81.25,4
36.25,-80.25,1
36.25,-78.75,1
36.25,25.25,1
36.25,74.75,1
36.75,-122.25,2
36.75,-121.75,37
36.75,-121.25,241
36.75,-120.75,99
36.75,-120.25,1
36.75,-119.75,10
36.75,-119.25,254
36.75,-118.75,159
36.75,-118.25,129
36.75,-117.75,152
36.75,-117.25,116
36.75,-116.75,208
36.75,-116.25,17
36.75,-115.75,9
36.75,-115.25,30
36.75,-114.75,71
36.75,-114.25,47
36.75,-113.75,72
36.75,-113.25,28
36.75,-112.75,91
36.75,-112.25,78
36.75,-111.75,81
36.75,-111.25,29
36.75,-110.75,141
36.75,-110.25,49
36.75,-109.75,84
36.75,-109.25,104
36.75,-108.75,23
36.75,-108.25,22
36.75,-107.75,165
36.75,-107.25,73
36.75,-106.75,70
36.75,-106.25,172
36.75,-105.75,117
36.75,-105.25,51
36.75,-104.75,66
36.75,-104.25,102
36.75,-103.75,95
36.75,-103.25,70
36.75,-102.75,7
36.75,-102.25,1
36.75,-100.25,8
36.75,-99.75,4
36.75,-99.25,7
36.75,-98.75,2
36.75,-98.25,2
36.75,-97.25,2
36.75,-96.25,1
36.75,-95.25,2
36.75,-94.75,9
36.75,-94.25,55
36.75,-93.75,112
36.75,-93.25,100
36.75,-92.75,129
36.75,-92.25,169
36.75,-91.75,40
36.75,-91.25,465
36.75,-90.75,105
36.75,-90.25,13
36.75,-88.25,11
36.75,-87.75,82
36.75,-87.25,85
36.75,-86.75,91
36.75,-86.25,32
36.75,-85.75,3
36.75,-85.25,48
36.75,-84.75,94
36.75,-83.75,13
36.75,-83.25,30
36.75,-82.75,34
36.75,-82.25,55
36.75,-81.75,20
36.75,-81.25,26
36.75,-80.75,4
36.75,-80.25,3
36.75,-79.25,1
36.75,-78.75,1
36.75,-5.25,1
36.75,-4.75,1
36.75,25.75,1
37.25,-122.25,45
37.25,-121.75,167
37.25,-121.25,144
37.25,-120.25,85
37.25,-119.75,117
37.25,-119.25,51
37.25,-118.75,72
37.25,-118.25,204
37.25,-117.75,92
37.25,-117.25,69
37.25,-116.75,45
37.25,-116.25,13
37.25,-115.75,22
37.25,-115.25,37
37.25,-114.75,63
37.25,-114.25,73
37.25,-113.75,107
37.25,-113.25,159
37.25,-112.75,215
37.25,-112.25,177
37.25,-111.75,57
37.25,-111.25,105
37.25,-110.75,122
37.25,-110.25,63
37.25,-109.75,73
37.25,-109.25,29
37.25,-108.75,81
37.25,-108.25,197
37.25,-107.75,32
37.25,-107.25,61
37.25,-106.75,19
37.25,-106.25,24
37.25,-105.75,4
37.25,-105.25,71
37.25,-104.75,107
37.25,-104.25,84
37.25,-103.75,69
37.25,-103.25,157
37.25,-102.75,80
37.25,-102.25,9
37.25,-95.75,4
37.25,-94.25,2
37.25,-93.75,32
37.25,-93.25,61
37.25,-92.75,24
37.25,-92.25,82
37.25,-91.75,14
37.25,-91.25,183
37.25,-90.75,39
37.25,-90.25,70
37.25,-89.75,9
37.25,-89.25,1
37.25,-88.75,5
37.25,-88.25,61
37.25,-87.75,49
37.25,-87.25,3
37.25,-86.75,6
37.25,-86.25,141
37.25,-85.75,106
37.25,-85.25,12
37.25,-84.75,18
37.25,-84.25,29
37.25,-83.75,2
37.25,-83.25,1
37.25,-82.75,4
37.25,-82.25,3
37.25,-81.75,1
37.25,-81.25,24
37.25,-80.75,31
37.25,-80.25,2
37.25,-79.75,4
37.25,-79.25,2
37.25,-77.75,1
37.25,-77.25,1
37.25,-76.75,44
37.25,-76.25,2
37.25,-8.75,3
37.25,-3.75,1
37.25,22.25,1
37.25,25.25,1
37.25,25.75,1
37.25,32.25,1
37.75,-122.75,20
37.75,-122.25,20
37.75,-121.75,223
37.75,-121.25,18
37.75,-120.75,41
37.75,-120.25,171
37.75,-119.75,261
37.75,-119.25,133
37.75,-118.75,256
37.75,-118.25,324
37.75,-117.75,135
37.75,-117.25,35
37.75,-116.75,8
37.75,-116.25,25
37.75,-115.75,56
37.75,-115.25,40
37.75,-114.75,105
37.75,-114.25,100
37.75,-113.75,46
37.75,-113.25,142
37.75,-112.75,425
37.75,-112.25,196
37.75,-111.75,231
37.75,-111.25,110
37.75,-110.75,139
37.75,-110.25,120
37.75,-109.75,169
37.75,-109.25,46
37.75,-108.75,34
37.75,-108.25,72
37.75,-107.75,13
37.75,-107.25,18
37.75,-106.75,32
37.75,-106.25,28
37.75,-105.75,30
37.75,-105.25,94
37.75,-104.75,64
37.75,-104.25,74
37.75,-103.75,47
37.75,-103.25,24
37.75,-102.75,21
37.75,-102.25,5
37.75,-100.75,1
37.75,-95.75,11
37.75,-94.25,2
37.75,-93.75,3
37.75,-93.25,7
37.75,-92.75,20
37.75,-92.25,97
37.75,-91.75,86
37.75,-91.25,272
37.75,-90.75,24
37.75,-90.25,22
37.75,-89.75,5
37.75,-89.25,1
37.75,-87.75,5
37.75,-86.75,5
37.75,-86.25,81
37.75,-85.75,33
37.75,-84.75,106
37.75,-84.25,33
37.75,-83.75,20
37.75,-83.25,4
37.75,-82.75,1
37.75,-82.25,1
37.75,-81.25,4
37.75,-80.75,9
37.75,-80.25,38
37.75,-79.75,15
37.75,-79.25,4
37.75,-78.75,3
37.75,-77.75,1
37.75,-77.25,4
37.75,-74.75,1
37.75,-25.25,1
37.75,29.25,1
37.75,127.25,1
37.75,139.25,1
38.25,-123.25,85
38.25,-122.75,30
38.25,-122.25,39
38.25,-121.75,1
38.25,-121.25,4
38.25,-120.75,118
38.25,-120.25,175
38.25,-119.75,93
38.25,-119.25,315
38.25,-118.75,68
38.25,-118.25,61
38.25,-117.75,66
38.25,-117.25,28
38.25,-116.75,120
38.25,-116.25,48
38.25,-115.75,209
38.25,-115.25,52
38.25,-114.75,75
38.25,-114.25,287
38.25,-113.75,145
38.25,-113.25,57
38.25,-112.75,135
38.25,-112.25,179
38.25,-111.75,195
38.25,-111.25,106
38.25,-110.75,47
38.25,-110.25,57
38.25,-109.75,47
38.25,-109.25,47
38.25,-108.75,30
38.25,-108.25,97
38.25,-107.75,69
38.25,-107.25,110
38.25,-106.75,84
38.25,-106.25,77
38.25,-105.75,74
38.25,-105.25,33
38.25,-104.75,18
38.25,-104.25,13
38.25,-103.75,24
38.25,-103.25,16
38.25,-102.75,7
38.25,-100.25,1
38.25,-98.75,1
38.25,-96.75,1
38.25,-93.25,6
38.25,-92.75,24
38.25,-92.25,32
38.25,-91.75,45
38.25,-91.25,21
38.25,-90.75,50
38.25,-90.25,12
38.25,-89.75,1
38.25,-88.75,1
38.25,-88.25,1
38.25,-87.25,1
38.25,-86.75,2
38.25,-86.25,29
38.25,-85.75,82
38.25,-85.25,4
38.25,-84.75,125
38.25,-84.25,20
38.25,-83.75,15
38.25,-83.25,37
38.25,-80.75,2
38.25,-80.25,23
38.25,-79.75,24
38.25,-79.25,10
38.25,-78.75,6
38.25,-78.25,5
38.25,21.75,1
38.25,22.75,2
38.75,-123.75,7
38.75,-123.25,241
38.75,-122.75,290
38.75,-122.25,170
38.75,-121.75,2
38.75,-121.25,7
38.75,-120.75,58
38.75,-120.25,97
38.75,-119.75,382
38.75,-119.25,123
38.75,-118.75,45
38.75,-118.25,57
38.75,-117.75,153
38.75,-117.25,487
38.75,-116.75,331
38.75,-116.25,139
38.75,-115.75,99
38.75,-115.25,196
38.75,-114.75,159
38.75,-114.25,442
38.75,-113.75,17
38.75,-113.25,23
38.75,-112.75,36
38.75,-112.25,186
38.75,-111.75,289
38.75,-111.25,69
38.75,-110.75,41
38.75,-110.25,46
38.75,-109.75,98
38.75,-109.25,137
38.75,-108.75,48
38.75,-108.25,63
38.75,-107.75,44
38.75,-107.25,36
38.75,-106.75,36
38.75,-106.25,80
38.75,-105.75,131
38.75,-105.25,80
38.75,-104.75,82
38.75,-104.25,55
38.75,-103.75,361
38.75,-103.25,34
38.75,-102.75,12
38.75,-102.25,1
38.75,-101.25,1
38.75,-100.75,1
38.75,-98.25,1
38.75,-97.75,9
38.75,-96.75,1
38.75,-94.75,1
38.75,-93.25,7
38.75,-92.75,1
38.75,-92.25,2
38.75,-91.75,7
38.75,-91.25,1
38.75,-90.75,8
38.75,-89.75,1
38.75,-89.25,2
38.75,-88.75,1
38.75,-88.25,4
38.75,-87.75,1
38.75,-86.75,18
38.75,-86.25,8
38.75,-85.75,1
38.75,-85.25,3
38.75,-84.25,4
38.75,-83.75,11
38.75,-83.25,6
38.75,-82.75,2
38.75,-81.75,1
38.75,-80.25,3
38.75,-79.75,6
38.75,-79.25,1
38.75,-78.75,16
38.75,-78.25,26
38.75,-77.75,6
38.75,-77.25,2
38.75,-76.75,1
38.75,-74.75,1
38.75,-9.25,2
38.75,-6.25,1
38.75,-0.25,1
38.75,26.75,1
39.25,-123.75,76
39.25,-123.25,196
39.25,-122.75,307
39.25,-122.25,114
39.25,-121.75,6
39.25,-121.25,63
39.25,-120.75,149
39.25,-120.25,111
39.25,-119.75,270
39.25,-119.25,92
39.25,-118.75,33
39.25,-118.25,25
39.25,-117.75,186
39.25,-117.25,284
39.25,-116.75,122
39.25,-116.25,303
39.25,-115.75,94
39.25,-115.25,202
39.25,-114.75,592
39.25,-114.25,543
39.25,-113.75,50
39.25,-113.25,24
39.25,-112.75,10
39.25,-112.25,106
39.25,-111.75,126
39.25,-111.25,195
39.25,-110.75,41
39.25,-110.25,70
39.25,-109.75,258
39.25,-109.25,44
39.25,-108.75,35
39.25,-108.25,49
39.25,-107.75,92
39.25,-107.25,28
39.25,-106.75,35
39.25,-106.25,10
39.25,-105.75,44
39.25,-105.25,21
39.25,-104.75,30
39.25,-104.25,10
39.25,-103.75,23
39.25,-103.25,23
39.25,-102.75,3
39.25,-96.25,1
39.25,-93.25,1
39.25,-92.75,1
39.25,-91.25,71
39.25,-90.75,24
39.25,-90.25,6
39.25,-89.25,1
39.25,-88.75,2
39.25,-86.75,1
39.25,-84.75,3
39.25,-83.25,4
39.25,-82.75,4
39.25,-82.25,3
39.25,-81.25,1
39.25,-80.25,3
39.25,-79.75,3
39.25,-79.25,5
39.25,-78.75,12
39.25,-78.25,14
39.25,-77.75,17
39.25,-77.25,1
39.25,-76.75,4
39.25,-76.25,1
39.25,-75.25,2
39.25,-74.75,1
39.25,-6.25,1
39.25,-5.25,1
39.25,9.25,1
39.25,123.25,1
39.75,-123.75,123
39.75,-123.25,274
39.75,-122.75,132
39.75,-122.25,45
39.75,-121.75,101
39.75,-121.25,25
39.75,-120.75,230
39.75,-120.25,255
39.75,-119.75,262
39.75,-119.25,85
39.75,-118.75,4
39.75,-118.25,210
39.75,-117.75,332
39.75,-117.25,91
39.75,-116.75,430
39.75,-116.25,288
39.75,-115.75,496
39.75,-115.25,16
39.75,-114.75,618
39.75,-114.25,176
39.75,-113.75,198
39.75,-113.25,36
39.75,-112.75,57
39.75,-112.25,121
39.75,-111.75,392
39.75,-111.25,184
39.75,-110.75,81
39.75,-110.25,94
39.75,-109.75,19
39.75,-109.25,16
39.75,-108.75,137
39.75,-108.25,320
39.75,-107.75,25
39.75,-107.25,23
39.75,-106.75,52
39.75,-106.25,35
39.75,-105.75,63
39.75,-105.25,55
39.75,-104.75,8
39.75,-104.25,13
39.75,-103.75,5
39.75,-102.25,13
39.75,-101.75,2
39.75,-101.25,3
39.75,-96.75,1
39.75,-94.75,1
39.75,-91.75,1
39.75,-91.25,19
39.75,-90.75,13
39.75,-90.25,5
39.75,-88.25,2
39.75,-86.75,2
39.75,-86.25,1
39.75,-84.75,2
39.75,-84.25,4
39.75,-83.75,2
39.75,-82.75,2
39.75,-82.25,3
39.75,-80.25,24
39.75,-79.75,24
39.75,-79.25,7
39.75,-78.75,17
39.75,-78.25,12
39.75,-77.75,47
39.75,-77.25,27
39.75,-76.75,9
39.75,-76.25,1
39.75,-75.75,2
39.75,-75.25,3
39.75,-74.75,2
39.75,-7.75,1
39.75,2.75,2
40.25,-124.25,390
40.25,-123.75,653
40.25,-123.25,140
40.25,-122.75,129
40.25,-122.25,22
40.25,-121.75,331
40.25,-121.25,102
40.25,-120.75,65
40.25,-120.25,124
40.25,-119.75,206
40.25,-119.25,157
40.25,-118.75,33
40.25,-118.25,122
40.25,-117.75,446
40.25,-117.25,218
40.25,-116.75,270
40.25,-116.25,427
40.25,-115.75,589
40.25,-115.25,78
40.25,-114.75,286
40.25,-114.25,131
40.25,-113.75,41
40.25,-113.25,7
40.25,-112.75,111
40.25,-112.25,81
40.25,-111.75,312
40.25,-111.25,446
40.25,-110.75,92
40.25,-110.25,119
40.25,-109.75,53
40.25,-109.25,59
40.25,-108.75,64
40.25,-108.25,4
40.25,-107.75,22
40.25,-107.25,26
40.25,-106.75,38
40.25,-106.25,19
40.25,-105.75,3
40.25,-105.25,56
40.25,-104.75,8
40.25,-104.25,2
40.25,-103.75,17
40.25,-103.25,7
40.25,-91.75,1
40.25,-91.25,4
40.25,-90.75,1
40.25,-89.25,2
40.25,-87.75,1
40.25,-86.75,2
40.25,-86.25,1
40.25,-85.75,3
40.25,-85.25,1
40.25,-84.75,1
40.25,-84.25,3
40.25,-83.75,3
40.25,-82.25,2
40.25,-81.75,3
40.25,-81.25,7
40.25,-80.75,5
40.25,-80.25,3
40.25,-79.75,4
40.25,-79.25,3
40.25,-78.75,3
40.25,-78.25,10
40.25,-77.75,12
40.25,-77.25,4
40.25,-76.75,3
40.25,-76.25,3
40.25,-75.75,2
40.25,-75.25,26
40.25,-74.75,4
40.25,-74.25,18
40.25,-73.75,1
40.25,-8.25,1
40.25,-7.75,2
40.25,-6.75,1
40.25,-5.75,1
40.25,-5.25,1
40.25,-3.75,1
40.75,-124.25,17
40.75,-123.75,227
40.75,-123.25,89
40.75,-122.75,144
40.75,-122.25,54
40.75,-121.75,340
40.75,-121.25,65
40.75,-120.75,174
40.75,-120.25,356
40.75,-119.75,335
40.75,-119.25,377
40.75,-118.75,136
40.75,-118.25,93
40.75,-117.75,846
40.75,-117.25,120
40.75,-116.75,74
40.75,-116.25,539
40.75,-115.75,248
40.75,-115.25,303
40.75,-114.75,46
40.75,-114.25,47
40.75,-113.75,8
40.75,-113.25,1
40.75,-112.75,100
40.75,-112.25,60
40.75,-111.75,188
40.75,-111.25,149
40.75,-110.75,36
40.75,-110.25,177
40.75,-109.75,258
40.75,-109.25,210
40.75,-108.75,132
40.75,-108.25,24
40.75,-107.75,24
40.75,-107.25,83
40.75,-106.75,30
40.75,-106.25,23
40.75,-105.75,59
40.75,-105.25,68
40.75,-104.75,29
40.75,-104.25,18
40.75,-103.75,50
40.75,-103.25,19
40.75,-102.75,14
40.75,-91.75,2
40.75,-91.25,2
40.75,-87.75,1
40.75,-86.75,1
40.75,-85.75,1
40.75,-85.25,1
40.75,-82.25,4
40.75,-81.75,3
40.75,-81.25,2
40.75,-80.75,1
40.75,-80.25,4
40.75,-79.75,2
40.75,-79.25,7
40.75,-78.25,10
40.75,-77.75,25
40.75,-77.25,11
40.75,-76.75,5
40.75,-76.25,2
40.75,-75.75,2
40.75,-75.25,14
40.75,-74.75,19
40.75,-74.25,16
40.75,-73.75,1
40.75,-73.25,4
40.75,-7.75,2
40.75,-3.75,1
40.75,-2.25,1
40.75,13.75,1
40.75,17.25,1
40.75,29.25,1
41.25,-124.25,1
41.25,-123.75,87
41.25,-123.25,89
41.25,-122.75,309
41.25,-122.25,306
41.25,-121.75,81
41.25,-121.25,210
41.25,-120.75,527
41.25,-120.25,284
41.25,-119.75,383
41.25,-119.25,383
41.25,-118.75,349
41.25,-118.25,172
41.25,-117.75,220
41.25,-117.25,187
41.25,-116.75,805
41.25,-116.25,825
41.25,-115.75,566
41.25,-115.25,231
41.25,-114.75,198
41.25,-114.25,117
41.25,-113.75,62
41.25,-113.25,18
41.25,-112.75,7
41.25,-112.25,68
41.25,-111.75,414
41.25,-111.25,684
41.25,-110.75,268
41.25,-110.25,30
41.25,-109.75,15
41.25,-109.25,116
41.25,-108.75,20
41.25,-108.25,18
41.25,-107.75,75
41.25,-107.25,133
41.25,-106.75,51
41.25,-106.25,87
41.25,-105.75,33
41.25,-105.25,39
41.25,-104.75,19
41.25,-104.25,35
41.25,-103.25,5
41.25,-97.75,1
41.25,-96.25,1
41.25,-95.75,1
41.25,-93.25,1
41.25,-92.75,1
41.25,-91.25,1
41.25,-87.25,4
41.25,-86.25,2
41.25,-85.75,2
41.25,-85.25,1
41.25,-84.75,3
41.25,-83.25,1
41.25,-82.75,3
41.25,-82.25,2
41.25,-81.75,1
41.25,-81.25,2
41.25,-80.75,4
41.25,-80.25,4
41.25,-79.75,5
41.25,-79.25,11
41.25,-78.75,4
41.25,-77.75,2
41.25,-77.25,5
41.25,-76.75,3
41.25,-76.25,4
41.25,-75.75,3
41.25,-75.25,5
41.25,-74.75,19
41.25,-74.25,7
41.25,-72.25,2
41.25,-71.75,1
41.25,-1.75,2
41.25,2.25,7
41.25,15.25,1
41.25,48.75,2
41.75,-124.25,2
41.75,-123.75,29
41.75,-123.25,234
41.75,-122.75,419
41.75,-122.25,673
41.75,-121.75,23
41.75,-121.25,27
41.75,-120.75,233
41.75,-120.25,804
41.75,-119.75,412
41.75,-119.25,183
41.75,-118.75,644
41.75,-118.25,694
41.75,-117.75,438
41.75,-117.25,615
41.75,-116.75,12
41.75,-116.25,268
41.75,-115.75,482
41.75,-115.25,484
41.75,-114.75,267
41.75,-114.25,512
41.75,-113.75,366
41.75,-113.25,144
41.75,-112.75,59
41.75,-112.25,245
41.75,-111.75,329
41.75,-111.25,328
41.75,-110.75,142
41.75,-110.25,60
41.75,-109.75,1
41.75,-109.25,18
41.75,-108.75,54
41.75,-108.25,1
41.75,-107.75,16
41.75,-107.25,119
41.75,-106.75,45
41.75,-106.25,30
41.75,-105.75,22
41.75,-105.25,71
41.75,-104.75,62
41.75,-104.25,26
41.75,-103.75,2
41.75,-95.25,1
41.75,-94.75,19
41.75,-90.75,1
41.75,-90.25,3
41.75,-89.75,1
41.75,-88.75,2
41.75,-88.25,1
41.75,-87.75,3
41.75,-87.25,13
41.75,-86.75,9
41.75,-85.75,1
41.75,-85.25,4
41.75,-84.75,2
41.75,-84.25,2
41.75,-83.75,1
41.75,-81.25,1
41.75,-80.75,1
41.75,-80.25,4
41.75,-79.75,6
41.75,-79.25,9
41.75,-78.75,12
41.75,-78.25,3
41.75,-77.75,3
41.75,-77.25,4
41.75,-76.75,1
41.75,-75.75,2
41.75,-75.25,1
41.75,-74.75,5
41.75,-74.25,7
41.75,-73.75,2
41.75,-73.25,6
41.75,-72.75,9
41.75,-72.25,4
41.75,-71.75,4
41.75,-71.25,3
41.75,-70.75,3
41.75,-70.25,1
41.75,-8.25,1
41.75,-7.75,1
41.75,1.75,1
41.75,21.25,1
41.75,24.25,1
41.75,43.25,1
42.25,-124.25,31
42.25,-123.75,218
42.25,-123.25,433
42.25,-122.75,1277
42.25,-122.25,515
42.25,-121.75,96
42.25,-121.25,287
42.25,-120.75,547
42.25,-120.25,438
42.25,-119.75,145
42.25,-119.25,76
42.25,-118.75,610
42.25,-118.25,555
42.25,-117.75,248
42.25,-117.25,59
42.25,-116.75,214
42.25,-116.25,311
42.25,-115.75,157
42.25,-115.25,57
42.25,-114.75,295
42.25,-114.25,884
42.25,-113.75,225
42.25,-113.25,140
42.25,-112.75,144
42.25,-112.25,221
42.25,-111.75,478
42.25,-111.25,238
42.25,-110.75,111
42.25,-110.25,83
42.25,-109.75,4
42.25,-109.25,84
42.25,-108.75,133
42.25,-108.25,83
42.25,-107.75,36
42.25,-107.25,77
42.25,-106.75,120
42.25,-106.25,85
42.25,-105.75,131
42.25,-105.25,152
42.25,-104.75,23
42.25,-103.75,1
42.25,-99.75,3
42.25,-98.25,1
42.25,-96.75,1
42.25,-95.75,2
42.25,-91.25,8
42.25,-90.75,4
42.25,-90.25,1
42.25,-89.75,5
42.25,-89.25,2
42.25,-88.25,1
42.25,-87.75,1
42.25,-86.25,8
42.25,-85.75,2
42.25,-84.75,1
42.25,-84.25,2
42.25,-79.25,1
42.25,-78.25,3
42.25,-77.75,1
42.25,-77.25,2
42.25,-76.75,1
42.25,-76.25,3
42.25,-75.75,1
42.25,-75.25,3
42.25,-74.75,5
42.25,-74.25,3
42.25,-73.25,4
42.25,-72.25,3
42.25,-71.25,6
42.25,-70.75,3
42.25,-70.25,1
42.25,-8.75,2
42.25,-7.75,1
42.25,-2.25,1
42.25,1.75,1
42.25,2.25,2
42.25,2.75,4
42.25,12.25,2
42.25,21.75,1
42.25,25.75,1
42.25,89.25,1
42.75,-124.75,1
42.75,-124.25,23
42.75,-123.75,469
42.75,-123.25,620
42.75,-122.75,370
42.75,-122.25,212
42.75,-121.75,148
42.75,-121.25,362
42.75,-120.75,231
42.75,-120.25,100
42.75,-119.75,66
42.75,-119.25,15
42.75,-118.75,801
42.75,-118.25,321
42.75,-117.75,81
42.75,-117.25,115
42.75,-116.75,581
42.75,-116.25,268
42.75,-115.75,22
42.75,-115.25,12
42.75,-114.75,248
42.75,-114.25,91
42.75,-113.75,2
42.75,-113.25,5
42.75,-112.75,98
42.75,-112.25,193
42.75,-111.75,500
42.75,-111.25,210
42.75,-110.75,32
42.75,-110.25,53
42.75,-109.75,6
42.75,-109.25,27
42.75,-108.75,105
42.75,-108.25,44
42.75,-107.75,33
42.75,-107.25,59
42.75,-106.75,30
42.75,-106.25,77
42.75,-105.75,103
42.75,-105.25,19
42.75,-104.75,29
42.75,-104.25,12
42.75,-103.75,4
42.75,-103.25,14
42.75,-102.75,1
42.75,-101.25,4
42.75,-100.75,19
42.75,-100.25,12
42.75,-99.75,1
42.75,-99.25,43
42.75,-98.75,4
42.75,-98.25,1
42.75,-97.75,7
42.75,-97.25,3
42.75,-96.25,1
42.75,-91.75,69
42.75,-91.25,19
42.75,-90.75,2
42.75,-89.25,1
42.75,-88.75,5
42.75,-88.25,3
42.75,-87.75,2
42.75,-85.75,1
42.75,-85.25,1
42.75,-84.75,1
42.75,-83.75,1
42.75,-82.75,1
42.75,-78.25,1
42.75,-77.75,1
42.75,-76.25,2
42.75,-75.75,9
42.75,-75.25,2
42.75,-74.75,8
42.75,-74.25,2
42.75,-73.75,3
42.75,-73.25,6
42.75,-72.75,4
42.75,-72.25,5
42.75,-71.75,5
42.75,-71.25,4
42.75,-70.75,1
42.75,1.25,2
42.75,1.75,1
42.75,2.25,3
42.75,11.75,1
42.75,13.25,1
42.75,24.75,1
42.75,25.25,1
42.75,25.75,1
43.25,-124.25,34
43.25,-123.75,4
43.25,-123.25,14
43.25,-122.75,41
43.25,-122.25,112
43.25,-121.75,53
43.25,-121.25,69
43.25,-120.75,17
43.25,-120.25,3
43.25,-119.75,44
43.25,-119.25,57
43.25,-118.75,77
43.25,-118.25,267
43.25,-117.75,152
43.25,-117.25,414
43.25,-116.75,408
43.25,-116.25,11
43.25,-115.75,226
43.25,-115.25,330
43.25,-114.75,193
43.25,-114.25,285
43.25,-113.75,332
43.25,-112.75,28
43.25,-112.25,92
43.25,-111.75,523
43.25,-111.25,160
43.25,-110.75,8
43.25,-110.25,31
43.25,-109.75,23
43.25,-109.25,46
43.25,-108.75,9
43.25,-108.25,43
43.25,-107.75,31
43.25,-107.25,77
43.25,-106.75,48
43.25,-106.25,13
43.25,-105.75,47
43.25,-105.25,11
43.25,-104.75,3
43.25,-104.25,2
43.25,-103.75,8
43.25,-103.25,4
43.25,-102.75,1
43.25,-102.25,4
43.25,-101.75,5
43.25,-101.25,1
43.25,-100.75,1
43.25,-99.25,1
43.25,-98.75,1
43.25,-97.75,1
43.25,-92.75,3
43.25,-92.25,3
43.25,-91.75,41
43.25,-90.75,2
43.25,-90.25,2
43.25,-89.75,5
43.25,-89.25,1
43.25,-88.75,1
43.25,-88.25,1
43.25,-86.25,4
43.25,-85.75,4
43.25,-85.25,2
43.25,-84.75,1
43.25,-83.25,1
43.25,-82.75,1
43.25,-80.25,6
43.25,-79.75,2
43.25,-79.25,2
43.25,-76.75,3
43.25,-76.25,3
43.25,-75.25,1
43.25,-74.75,2
43.25,-74.25,2
43.25,-73.75,14
43.25,-73.25,8
43.25,-72.75,3
43.25,-72.25,2
43.25,-71.75,2
43.25,-71.25,2
43.25,-70.75,1
43.25,-1.25,1
43.25,-0.25,1
43.25,1.25,2
43.25,2.25,2
43.25,2.75,1
43.25,25.75,1
43.25,26.75,1
43.75,-123.75,11
43.75,-123.25,98
43.75,-122.75,49
43.75,-122.25,18
43.75,-121.75,90
43.75,-121.25,21
43.75,-120.75,55
43.75,-120.25,151
43.75,-119.75,488
43.75,-119.25,650
43.75,-118.75,771
43.75,-118.25,482
43.75,-117.75,251
43.75,-117.25,109
43.75,-116.75,23
43.75,-116.25,92
43.75,-115.75,20
43.75,-115.25,53
43.75,-114.75,173
43.75,-114.25,93
43.75,-113.75,128
43.75,-113.25,30
43.75,-112.75,2
43.75,-112.25,9
43.75,-111.75,20
43.75,-111.25,179
43.75,-110.75,15
43.75,-110.25,51
43.75,-109.75,83
43.75,-109.25,108
43.75,-108.75,54
43.75,-108.25,50
43.75,-107.75,38
43.75,-107.25,530
43.75,-106.75,118
43.75,-106.25,9
43.75,-105.75,18
43.75,-105.25,15
43.75,-104.75,3
43.75,-104.25,68
43.75,-103.75,190
43.75,-103.25,28
43.75,-102.25,3
43.75,-101.75,3
43.75,-101.25,12
43.75,-99.75,1
43.75,-99.25,1
43.75,-96.25,10
43.75,-95.75,2
43.75,-94.75,8
43.75,-93.25,4
43.75,-92.75,106
43.75,-92.25,976
43.75,-91.75,567
43.75,-91.25,137
43.75,-90.25,3
43.75,-89.75,1
43.75,-89.25,4
43.75,-88.75,5
43.75,-88.25,2
43.75,-87.75,2
43.75,-86.25,23
43.75,-85.75,22
43.75,-85.25,1
43.75,-84.75,3
43.75,-80.25,5
43.75,-79.25,1
43.75,-75.75,4
43.75,-75.25,3
43.75,-74.25,2
43.75,-73.75,1
43.75,-72.75,5
43.75,-72.25,2
43.75,-71.75,6
43.75,-71.25,1
43.75,-70.75,2
43.75,-70.25,1
43.75,-69.75,1
43.75,-7.75,1
43.75,-1.25,1
43.75,-0.75,5
43.75,-0.25,1
43.75,6.25,2
43.75,6.75,1
44.25,-123.75,30
44.25,-123.25,35
44.25,-122.75,29
44.25,-122.25,17
44.25,-121.75,195
44.25,-121.25,78
44.25,-120.75,500
44.25,-120.25,823
44.25,-119.75,526
44.25,-119.25,1046
44.25,-118.75,943
44.25,-118.25,749
44.25,-117.75,482
44.25,-117.25,669
44.25,-116.75,271
44.25,-116.25,373
44.25,-115.75,62
44.25,-115.25,76
44.25,-114.75,12
44.25,-114.25,57
44.25,-113.75,217
44.25,-113.25,113
44.25,-112.75,175
44.25,-112.25,56
44.25,-111.75,47
44.25,-111.25,91
44.25,-110.75,281
44.25,-110.25,38
44.25,-109.75,3
44.25,-109.25,30
44.25,-108.75,24
44.25,-108.25,1
44.25,-107.75,21
44.25,-107.25,178
44.25,-106.75,122
44.25,-106.25,6
44.25,-105.75,25
44.25,-105.25,33
44.25,-104.75,46
44.25,-104.25,240
44.25,-103.75,231
44.25,-103.25,42
44.25,-102.25,9
44.25,-100.25,2
44.25,-98.75,1
44.25,-97.25,1
44.25,-96.25,6
44.25,-95.75,51
44.25,-95.25,2
44.25,-94.75,30
44.25,-94.25,105
44.25,-93.75,27
44.25,-93.25,122
44.25,-92.75,227
44.25,-92.25,352
44.25,-91.75,123
44.25,-89.25,4
44.25,-88.75,6
44.25,-87.75,1
44.25,-86.25,4
44.25,-85.75,18
44.25,-84.75,2
44.25,-84.25,2
44.25,-83.75,4
44.25,-81.25,4
44.25,-80.25,1
44.25,-79.75,1
44.25,-79.25,2
44.25,-78.25,3
44.25,-77.25,1
44.25,-74.75,1
44.25,-74.25,2
44.25,-73.75,2
44.25,-73.25,1
44.25,-72.75,8
44.25,-72.25,2
44.25,-71.75,5
44.25,-71.25,6
44.25,-70.75,6
44.25,-70.25,6
44.25,-69.75,1
44.25,-69.25,3
44.25,-68.25,8
44.25,-65.75,1
44.25,9.75,5
44.25,26.25,2
44.75,-123.25,19
44.75,-122.75,36
44.75,-122.25,14
44.75,-121.75,104
44.75,-121.25,182
44.75,-120.75,638
44.75,-120.25,669
44.75,-119.75,682
44.75,-119.25,751
44.75,-118.75,730
44.75,-118.25,389
44.75,-117.75,305
44.75,-117.25,496
44.75,-116.75,50
44.75,-116.25,41
44.75,-115.75,15
44.75,-115.25,59
44.75,-114.75,48
44.75,-114.25,195
44.75,-113.75,226
44.75,-113.25,66
44.75,-112.75,103
44.75,-112.25,116
44.75,-111.75,96
44.75,-111.25,51
44.75,-110.75,76
44.75,-110.25,240
44.75,-109.75,134
44.75,-109.25,125
44.75,-108.75,8
44.75,-108.25,55
44.75,-107.75,157
44.75,-107.25,218
44.75,-106.75,27
44.75,-106.25,5
44.75,-105.75,1
44.75,-105.25,35
44.75,-104.75,89
44.75,-104.25,93
44.75,-103.75,5
44.75,-103.25,1
44.75,-101.75,5
44.75,-101.25,1
44.75,-100.75,2
44.75,-99.75,2
44.75,-99.25,2
44.75,-98.25,1
44.75,-96.75,2
44.75,-96.25,2
44.75,-95.75,9
44.75,-95.25,51
44.75,-94.75,11
44.75,-94.25,2
44.75,-93.75,94
44.75,-93.25,749
44.75,-92.75,117
44.75,-92.25,17
44.75,-91.75,1
44.75,-87.75,1
44.75,-86.25,6
44.75,-85.75,6
44.75,-85.25,2
44.75,-83.75,1
44.75,-79.75,2
44.75,-78.25,1
44.75,-76.75,1
44.75,-76.25,1
44.75,-74.75,2
44.75,-74.25,2
44.75,-73.75,4
44.75,-72.75,6
44.75,-72.25,3
44.75,-71.75,2
44.75,-71.25,3
44.75,-70.75,2
44.75,-70.25,1
44.75,-69.75,2
44.75,-69.25,1
44.75,-68.25,3
44.75,-67.75,1
44.75,-66.75,1
44.75,-65.25,1
44.75,0.75,1
44.75,1.25,3
44.75,2.75,1
44.75,6.75,1
44.75,9.75,1
44.75,10.75,1
44.75,17.75,1
44.75,22.25,1
45.25,-123.25,2
45.25,-122.75,15
45.25,-122.25,10
45.25,-121.75,92
45.25,-121.25,173
45.25,-120.75,415
45.25,-120.25,365
45.25,-119.75,232
45.25,-119.25,274
45.25,-118.75,295
45.25,-118.25,167
45.25,-117.75,171
45.25,-117.25,670
45.25,-116.75,441
45.25,-116.25,71
45.25,-115.75,14
45.25,-115.25,30
45.25,-114.75,27
45.25,-114.25,202
45.25,-113.75,70
45.25,-113.25,305
45.25,-112.75,86
45.25,-112.25,133
45.25,-111.75,78
45.25,-111.25,45
45.25,-110.75,72
45.25,-110.25,4
45.25,-109.75,48
45.25,-109.25,41
45.25,-108.75,86
45.25,-108.25,95
45.25,-107.75,34
45.25,-107.25,203
45.25,-106.75,81
45.25,-106.25,185
45.25,-105.75,76
45.25,-105.25,21
45.25,-104.75,19
45.25,-104.25,5
45.25,-103.75,17
45.25,-103.25,53
45.25,-100.25,2
45.25,-98.25,1
45.25,-97.75,2
45.25,-97.25,2
45.25,-96.75,13
45.25,-96.25,31
45.25,-95.75,22
45.25,-95.25,1
45.25,-94.75,1
45.25,-94.25,10
45.25,-93.75,12
45.25,-93.25,15
45.25,-92.75,467
45.25,-90.25,1
45.25,-85.75,6
45.25,-85.25,1
45.25,-84.75,7
45.25,-84.25,1
45.25,-81.25,1
45.25,-79.25,2
45.25,-78.75,1
45.25,-78.25,1
45.25,-74.25,1
45.25,-72.75,1
45.25,-71.25,2
45.25,-70.75,1
45.25,-69.75,2
45.25,-68.75,2
45.25,-68.25,2
45.25,-66.25,1
45.25,-65.25,1
45.25,-64.75,1
45.25,-64.25,1
45.25,-63.25,2
45.25,-61.75,1
45.25,0.75,1
45.25,3.25,1
45.25,5.75,1
45.25,6.75,1
45.25,8.75,1
45.25,16.25,2
45.25,25.25,1
45.25,25.75,1
45.75,-123.75,2
45.75,-123.25,61
45.75,-122.75,7
45.75,-122.25,15
45.75,-121.75,149
45.75,-121.25,320
45.75,-120.75,329
45.75,-120.25,89
45.75,-119.75,11
45.75,-119.25,34
45.75,-118.75,168
45.75,-118.25,193
45.75,-117.75,202
45.75,-117.25,161
45.75,-116.75,223
45.75,-116.25,86
45.75,-115.75,46
45.75,-115.25,31
45.75,-114.75,14
45.75,-114.25,69
45.75,-113.75,30
45.75,-112.75,4
45.75,-112.25,149
45.75,-111.75,65
45.75,-111.25,27
45.75,-110.75,57
45.75,-110.25,76
45.75,-109.75,50
45.75,-109.25,64
45.75,-108.75,84
45.75,-108.25,32
45.75,-107.75,23
45.75,-107.25,33
45.75,-106.75,146
45.75,-106.25,68
45.75,-105.75,95
45.75,-105.25,15
45.75,-104.75,66
45.75,-104.25,167
45.75,-103.75,44
45.75,-103.25,46
45.75,-102.75,3
45.75,-102.25,5
45.75,-99.75,5
45.75,-99.25,1
45.75,-98.75,2
45.75,-97.75,13
45.75,-97.25,1
45.75,-96.75,9
45.75,-95.75,3
45.75,-95.25,28
45.75,-94.75,3
45.75,-94.25,1
45.75,-93.25,2
45.75,-92.75,146
45.75,-91.75,11
45.75,-89.25,1
45.75,-88.75,1
45.75,-88.25,1
45.75,-87.75,3
45.75,-87.25,1
45.75,-86.75,3
45.75,-86.25,2
45.75,-84.75,1
45.75,-84.25,1
45.75,-79.75,1
45.75,-79.25,1
45.75,-77.25,1
45.75,-75.75,1
45.75,-75.25,1
45.75,-74.75,1
45.75,-74.25,5
45.75,-68.75,3
45.75,-66.25,1
45.75,-65.75,1
45.75,-64.75,3
45.75,-60.25,1
45.75,4.75,3
45.75,6.25,1
45.75,13.75,3
45.75,14.75,2
45.75,15.75,1
45.75,21.25,1
45.75,25.25,1
45.75,25.75,1
46.25,-123.75,1
46.25,-123.25,4
46.25,-122.75,1
46.25,-122.25,9
46.25,-121.75,29
46.25,-121.25,77
46.25,-120.75,57
46.25,-120.25,29
46.25,-119.75,99
46.25,-119.25,13
46.25,-118.75,4
46.25,-118.25,66
46.25,-117.75,135
46.25,-117.25,210
46.25,-116.75,59
46.25,-116.25,6
46.25,-115.75,41
46.25,-115.25,7
46.25,-114.75,6
46.25,-114.25,13
46.25,-113.75,41
46.25,-113.25,14
46.25,-112.75,46
46.25,-112.25,64
46.25,-111.75,165
46.25,-111.25,180
46.25,-110.75,79
46.25,-110.25,140
46.25,-109.75,98
46.25,-109.25,235
46.25,-108.75,37
46.25,-108.25,64
46.25,-107.75,42
46.25,-107.25,32
46.25,-106.75,18
46.25,-106.25,15
46.25,-105.75,34
46.25,-105.25,12
46.25,-104.75,88
46.25,-104.25,26
46.25,-103.75,3
46.25,-103.25,8
46.25,-102.75,1
46.25,-101.75,2
46.25,-101.25,1
46.25,-100.75,4
46.25,-100.25,3
46.25,-99.25,2
46.25,-98.25,1
46.25,-97.75,3
46.25,-97.25,1
46.25,-96.25,1
46.25,-95.75,2
46.25,-94.75,1
46.25,-94.25,2
46.25,-93.75,1
46.25,-93.25,2
46.25,-92.75,73
46.25,-92.25,4
46.25,-91.75,3
46.25,-91.25,2
46.25,-90.25,1
46.25,-87.25,2
46.25,-85.25,2
46.25,-84.75,2
46.25,-83.25,2
46.25,-82.25,1
46.25,-78.75,2
46.25,-76.25,1
46.25,-74.75,1
46.25,-71.25,1
46.25,-70.75,1
46.25,-69.25,1
46.25,-68.75,1
46.25,-64.75,5
46.25,-64.25,1
46.25,-60.75,1
46.25,4.25,1
46.25,6.75,1
46.25,9.25,1
46.25,13.75,3
46.25,14.75,1
46.25,15.25,2
46.75,-122.25,1
46.75,-121.75,22
46.75,-121.25,93
46.75,-120.75,143
46.75,-120.25,28
46.75,-119.75,20
46.75,-119.25,15
46.75,-118.75,3
46.75,-118.25,40
46.75,-117.75,96
46.75,-117.25,2
46.75,-116.75,20
46.75,-116.25,9
46.75,-115.75,8
46.75,-115.25,12
46.75,-114.75,7
46.75,-114.25,9
46.75,-113.75,12
46.75,-113.25,47
46.75,-112.75,55
46.75,-112.25,44
46.75,-111.75,11
46.75,-111.25,90
46.75,-110.75,98
46.75,-110.25,70
46.75,-109.75,84
46.75,-109.25,193
46.75,-108.75,113
46.75,-108.25,30
46.75,-107.75,15
46.75,-107.25,12
46.75,-106.75,4
46.75,-106.25,11
46.75,-105.75,9
46.75,-105.25,6
46.75,-104.75,8
46.75,-104.25,49
46.75,-103.25,2
46.75,-102.75,33
46.75,-102.25,33
46.75,-101.75,12
46.75,-101.25,4
46.75,-100.75,7
46.75,-100.25,1
46.75,-99.25,2
46.75,-98.75,15
46.75,-98.25,3
46.75,-97.75,5
46.75,-96.25,11
46.75,-95.75,2
46.75,-95.25,4
46.75,-94.75,2
46.75,-94.25,2
46.75,-93.75,3
46.75,-92.75,1
46.75,-92.25,24
46.75,-91.25,1
46.75,-90.75,3
46.75,-90.25,4
46.75,-89.75,5
46.75,-89.25,1
46.75,-83.25,1
46.75,-80.25,1
46.75,-70.75,1
46.75,-69.25,3
46.75,-68.25,2
46.75,-67.75,1
46.75,-65.75,1
46.75,-60.75,1
46.75,8.75,1
46.75,10.25,2
46.75,15.25,1
46.75,24.75,1
46.75,28.75,1
47.25,-124.25,1
47.25,-123.25,3
47.25,-122.75,22
47.25,-121.75,22
47.25,-121.25,28
47.25,-120.75,89
47.25,-120.25,81
47.25,-119.75,28
47.25,-119.25,21
47.25,-118.75,37
47.25,-118.25,26
47.25,-117.75,13
47.25,-117.25,16
47.25,-116.75,22
47.25,-116.25,11
47.25,-115.75,16
47.25,-115.25,10
47.25,-114.75,53
47.25,-114.25,122
47.25,-113.75,4
47.25,-113.25,1
47.25,-112.75,13
47.25,-112.25,43
47.25,-111.75,115
47.25,-111.25,245
47.25,-110.75,75
47.25,-110.25,130
47.25,-109.75,42
47.25,-109.25,41
47.25,-108.75,11
47.25,-108.25,16
47.25,-107.75,8
47.25,-107.25,10
47.25,-106.75,11
47.25,-106.25,11
47.25,-105.75,8
47.25,-105.25,29
47.25,-104.75,12
47.25,-104.25,40
47.25,-103.75,1
47.25,-102.75,78
47.25,-102.25,56
47.25,-101.75,2
47.25,-101.25,2
47.25,-100.75,3
47.25,-95.75,3
47.25,-95.25,20
47.25,-94.75,6
47.25,-94.25,2
47.25,-93.75,6
47.25,-93.25,4
47.25,-92.75,2
47.25,-92.25,2
47.25,-91.75,3
47.25,-91.25,21
47.25,-80.25,1
47.25,-79.75,1
47.25,-78.75,1
47.25,-72.25,1
47.25,-70.75,1
47.25,-69.75,1
47.25,-68.25,1
47.25,-53.75,1
47.25,-53.25,1
47.25,-0.75,1
47.25,5.75,1
47.25,7.75,2
47.25,8.75,2
47.25,16.25,1
47.25,25.25,1
47.25,32.75,1
47.75,-124.25,4
47.75,-123.75,9
47.75,-123.25,6
47.75,-122.75,5
47.75,-122.25,1
47.75,-121.75,4
47.75,-121.25,2
47.75,-120.75,45
47.75,-120.25,169
47.75,-119.75,164
47.75,-119.25,103
47.75,-118.75,74
47.75,-118.25,66
47.75,-117.75,94
47.75,-117.25,184
47.75,-116.75,16
47.75,-116.25,10
47.75,-115.75,17
47.75,-115.25,18
47.75,-114.75,69
47.75,-114.25,94
47.75,-113.75,2
47.75,-113.25,1
47.75,-112.75,7
47.75,-112.25,38
47.75,-111.75,6
47.75,-111.25,24
47.75,-110.75,24
47.75,-110.25,52
47.75,-109.75,22
47.75,-109.25,28
47.75,-108.75,15
47.75,-108.25,9
47.75,-107.75,2
47.75,-107.25,62
47.75,-106.75,5
47.75,-106.25,83
47.75,-105.75,55
47.75,-105.25,47
47.75,-104.75,9
47.75,-104.25,9
47.75,-103.75,5
47.75,-102.75,10
47.75,-102.25,4
47.75,-92.75,1
47.75,-92.25,2
47.75,-91.75,2
47.75,-90.75,8
47.75,-90.25,16
47.75,-89.75,2
47.75,-81.75,1
47.75,-70.25,1
47.75,-53.25,1
47.75,-52.75,2
47.75,-2.75,1
47.75,7.75,2
47.75,9.25,1
47.75,11.75,1
47.75,12.25,1
47.75,15.25,1
47.75,122.75,1
48.25,-123.75,1
48.25,-123.25,5
48.25,-122.75,6
48.25,-122.25,1
48.25,-121.75,4
48.25,-121.25,8
48.25,-120.75,1
48.25,-120.25,60
48.25,-119.75,106
48.25,-119.25,157
48.25,-118.75,89
48.25,-118.25,56
48.25,-117.75,121
48.25,-117.25,64
48.25,-116.75,20
48.25,-116.25,27
48.25,-115.75,1
48.25,-115.25,10
48.25,-114.75,12
48.25,-114.25,36
48.25,-113.25,10
48.25,-112.75,45
48.25,-112.25,88
48.25,-111.75,2
48.25,-111.25,12
48.25,-110.75,3
48.25,-110.25,4
48.25,-109.75,52
48.25,-109.25,150
48.25,-108.75,36
48.25,-108.25,8
48.25,-107.75,21
48.25,-107.25,18
48.25,-106.75,39
48.25,-106.25,114
48.25,-105.75,65
48.25,-105.25,21
48.25,-104.75,17
48.25,-104.25,10
48.25,-103.75,1
48.25,-103.25,6
48.25,-102.75,11
48.25,-97.75,2
48.25,-93.25,2
48.25,-92.75,2
48.25,-92.25,4
48.25,-91.25,1
48.25,-89.75,2
48.25,-80.25,2
48.25,-79.75,1
48.25,-77.75,1
48.25,-71.75,1
48.25,-2.25,1
48.25,12.25,1
48.25,19.75,1
48.75,-123.75,1
48.75,-122.75,1
48.75,-122.25,8
48.75,-121.75,1
48.75,-120.75,4
48.75,-120.25,12
48.75,-119.75,23
48.75,-119.25,70
48.75,-118.75,159
48.75,-118.25,65
48.75,-117.75,81
48.75,-117.25,18
48.75,-116.75,5
48.75,-116.25,30
48.75,-114.75,3
48.75,-114.25,2
48.75,-113.75,1
48.75,-113.25,111
48.75,-112.75,68
48.75,-112.25,34
48.75,-111.75,11
48.75,-111.25,37
48.75,-110.75,4
48.75,-110.25,6
48.75,-109.75,3
48.75,-109.25,6
48.75,-108.75,31
48.75,-108.25,4
48.75,-107.75,50
48.75,-107.25,120
48.75,-106.75,21
48.75,-106.25,66
48.75,-105.75,86
48.75,-105.25,21
48.75,-104.75,43
48.75,-104.25,10
48.75,-103.75,3
48.75,-102.25,2
48.75,-94.75,2
48.75,-58.75,1
48.75,-57.75,1
48.75,-56.25,1
48.75,-54.75,2
48.75,-54.25,2
48.75,-0.75,1
48.75,2.25,7
48.75,3.25,1
48.75,8.25,3
48.75,9.25,3
48.75,19.25,3
49.25,-126.25,2
49.25,-125.25,1
49.25,-124.75,1
49.25,-123.75,1
49.25,-123.25,1
49.25,-122.75,2
49.25,-122.25,1
49.25,-121.75,2
49.25,-119.75,1
49.25,-117.75,1
49.25,-117.25,1
49.25,-115.25,2
49.25,-93.75,1
49.25,-56.75,1
49.25,-56.25,1
49.25,13.75,1
49.25,17.75,1
49.25,18.75,1
49.25,24.75,1
49.75,-122.75,1
49.75,-121.75,1
49.75,-119.75,2
49.75,-119.25,1
49.75,-118.25,1
49.75,-117.25,2
49.75,-116.75,2
49.75,-116.25,2
49.75,-115.75,1
49.75,-115.25,1
49.75,-114.75,1
49.75,-114.25,1
49.75,-99.75,1
49.75,-92.25,1
49.75,4.75,1
49.75,6.25,1
49.75,6.75,1
49.75,7.25,1
49.75,11.25,1
49.75,11.75,1
49.75,18.25,3
49.75,18.75,1
49.75,19.25,1
49.75,24.25,1
50.25,-125.75,1
50.25,-119.25,1
50.25,-118.75,1
50.25,-117.75,1
50.25,-115.75,6
50.25,-114.75,3
50.25,-114.25,1
50.25,-97.25,2
50.25,-96.75,1
50.25,-5.75,1
50.25,-5.25,11
50.25,-4.75,4
50.25,-3.75,2
50.25,4.25,1
50.25,4.75,1
50.25,5.75,1
50.25,7.75,1
50.25,8.25,1
50.25,9.25,3
50.25,10.25,1
50.25,14.75,1
50.25,16.25,1
50.25,30.75,1
50.75,-123.25,1
50.75,-119.25,2
50.75,-117.75,2
50.75,-116.25,1
50.75,-115.25,1
50.75,-114.75,1
50.75,-114.25,1
50.75,-95.25,1
50.75,-4.75,1
50.75,-4.25,3
50.75,-3.25,1
50.75,-1.25,2
50.75,-0.75,2
50.75,-0.25,2
50.75,0.25,1
50.75,3.25,1
50.75,3.75,1
50.75,4.75,2
50.75,5.75,1
50.75,6.25,1
50.75,7.25,1
50.75,9.75,1
50.75,14.75,1
50.75,18.25,1
50.75,24.25,1
51.25,-118.25,2
51.25,-115.75,2
51.25,-115.25,1
51.25,-114.25,2
51.25,-3.75,1
51.25,-3.25,1
51.25,-2.75,3
51.25,-2.25,9
51.25,-1.75,2
51.25,-0.75,5
51.25,-0.25,6
51.25,0.25,3
51.25,0.75,2
51.25,6.75,1
51.25,7.25,1
51.25,8.25,2
51.25,14.75,1
51.75,-119.25,1
51.75,-100.75,1
51.75,-8.75,2
51.75,-8.25,1
51.75,-4.75,1
51.75,-4.25,1
51.75,-3.25,1
51.75,-2.25,9
51.75,-1.75,2
51.75,-0.75,3
51.75,-0.25,2
51.75,0.25,2
51.75,0.75,1
51.75,2.25,1
51.75,19.25,1
52.25,-127.25,2
52.25,-126.75,1
52.25,-115.75,1
52.25,-113.25,1
52.25,-112.75,1
52.25,-7.75,1
52.25,-7.25,1
52.25,-2.75,1
52.25,-2.25,2
52.25,-1.75,1
52.25,-1.25,1
52.25,-0.75,3
52.25,-0.25,1
52.75,-131.25,1
52.75,-118.75,1
52.75,-114.25,1
52.75,-112.75,1
52.75,-106.75,2
52.75,-106.25,1
52.75,-6.25,1
52.75,-3.25,2
52.75,-1.75,1
52.75,-1.25,1
52.75,-0.25,1
52.75,0.75,1
52.75,4.75,3
52.75,10.75,1
52.75,13.75,1
52.75,14.25,1
53.25,-128.75,3
53.25,-128.25,1
53.25,-117.75,2
53.25,-114.25,1
53.25,-112.75,2
53.25,-66.25,1
53.25,-57.25,1
53.25,-9.25,1
53.25,-3.75,1
53.25,-3.25,3
53.25,-2.75,2
53.25,-2.25,4
53.25,-1.75,4
53.25,9.25,1
53.25,23.25,1
53.25,58.75,1
53.75,-128.75,1
53.75,-128.25,1
53.75,-122.75,1
53.75,-114.75,1
53.75,-113.75,1
53.75,-113.25,1
53.75,-111.25,1
53.75,-63.75,1
53.75,-6.75,1
53.75,-2.25,1
53.75,-1.75,2
53.75,-1.25,1
54.25,-165.75,1
54.25,-129.75,1
54.25,-122.75,1
54.25,-122.25,1
54.25,-8.25,2
54.25,-6.25,1
54.25,-5.75,2
54.25,-1.75,5
54.25,-1.25,1
54.75,-129.75,1
54.75,-128.75,1
54.75,-8.25,1
54.75,-6.75,2
54.75,-5.75,1
54.75,-1.75,3
54.75,9.25,1
54.75,23.25,1
54.75,23.75,1
54.75,25.25,1
55.25,-129.25,1
55.25,-125.25,1
55.25,-6.75,1
55.75,-4.25,1
55.75,-3.75,1
55.75,-3.25,4
55.75,9.25,1
55.75,12.25,1
56.25,-132.25,1
56.25,-130.75,1
56.25,-121.25,1
56.25,-3.25,1
56.25,9.75,1
56.25,10.25,1
56.25,12.75,1
56.25,13.25,1
56.25,22.75,1
56.75,-132.25,1
56.75,-131.75,1
56.75,9.25,1
56.75,9.75,1
57.25,-135.25,1
57.75,-156.25,8
57.75,-135.25,1
57.75,-130.75,1
57.75,-124.25,1
57.75,12.25,2
58.25,-134.25,27
58.25,15.25,1
58.25,25.25,1
58.25,51.75,1
58.75,-135.75,2
58.75,-134.75,3
58.75,14.75,1
59.25,-134.75,3
59.25,-133.75,2
59.25,-132.75,1
59.25,-126.25,1
59.25,-125.75,1
59.25,10.25,1
59.25,10.75,1
59.25,17.25,2
59.25,18.25,1
59.75,-163.75,1
59.75,-133.75,1
59.75,-126.75,1
59.75,-125.75,1
59.75,9.25,1
59.75,18.25,2
59.75,23.25,1
59.75,25.75,1
60.25,-151.25,1
60.25,-149.25,2
60.25,-148.75,1
60.25,-125.75,1
60.25,-125.25,1
60.25,22.25,1
60.75,-149.75,1
60.75,-135.25,2
60.75,14.75,1
60.75,22.75,1
60.75,24.75,1
60.75,25.25,1
61.25,-149.75,2
61.25,-146.25,3
61.25,-144.25,1
61.25,-126.75,1
61.25,-124.25,1
61.25,15.75,1
61.25,23.75,1
61.25,29.25,1
61.75,-149.25,1
61.75,-145.25,1
61.75,-127.25,2
61.75,24.25,1
61.75,25.25,1
61.75,29.25,1
62.25,-146.75,3
62.25,-145.25,3
62.25,24.75,1
62.25,25.25,1
62.25,25.75,2
62.25,30.75,1
62.75,14.25,2
62.75,26.75,1
63.25,-136.25,1
63.25,-125.75,1
63.25,-123.75,1
63.25,10.25,1
63.25,14.75,1
63.25,95.75,1
63.75,-149.25,1
63.75,-135.75,1
63.75,-22.25,1
63.75,11.25,1
64.25,-128.25,1
64.25,-21.25,1
64.25,-20.25,1
64.75,-165.25,1
64.75,-147.75,2
64.75,26.75,1
65.25,-146.25,1
65.75,-150.75,1
65.75,-16.75,1
67.25,15.25,1
67.75,-148.25,1
68.25,-165.75,1
